MacroCategoria,Categoria,SottoCategoria,NumeroPattern,NumeroTransazioni,UltimoUtilizzo,Parole
Alimentari,Bar,Caffetteria,16,4,06/05/2025,"CAFFETTERIA; CAFFETTERIA; CAFFETTERIA; CAFFETTERIA; ARIDA CAFFE; ARIDA CAFFE; ARIDA CAFFE; ARIDA CAFFE; LA BOTTEGA DEL CAFFE'; LA BOTTEGA DEL CAFFE'; LA BOTTEGA DEL CAFFE'; LA BOTTEGA DEL CAFFE'; STARBUCKS; STARBUCKS; STARBUCKS; STARBUCKS"
Alimentari,Bar,Faust Satyrus,1,1,22/06/2024,"FAUST SATYRUS"
Alimentari,Bar,Fragiskos,1,1,21/07/2024,"FRAGISKOS"
Alimentari,Bar,Idea Kafe,1,1,22/07/2024,"IDEA KAFE"
Alimentari,Bar,Katsanis,1,1,24/07/2024,"KATSANIS"
Alimentari,Bar,Moystakis,1,1,24/07/2024,"MOYSTAKIS"
Alimentari,Bar,My Coffee,1,1,21/07/2024,"MY COFFEE"
Alimentari,Bar,Opec,1,1,22/06/2025,"OPEC"
Alimentari,Bar,Relax,1,1,22/07/2024,"RELAX"
Alimentari,Bar,Skoulatos,1,1,22/07/2024,"SKOULATOS"
Alimentari,Caffetteria,Brasileira,1,1,20/12/2024,"A BRASILEIRA"
Alimentari,Chiosco,Food Kiosk,1,1,18/05/2025,"ANAGNINA FOOD KIOSK"
Alimentari,Fiori,Floricultura,1,1,14/02/2025,"ROMANA FLORA"
Alimentari,Frutta/Orto,Frutteria,9,9,14/06/2025,"FRUTTERIA; FRUTTERIA; FRUTTERIA; FRUTTERIA; FRUTTERIA; FRUTTERIA; FRUTTERIA; FRUTTERIA; FRUTTERIA"
Alimentari,Frutta/Orto,Il Mondo della Frutta,1,1,15/02/2025,"IL MONDO DELLA FRUTTA"
Alimentari,Gastronomia,Amor di Gusto,1,1,24/05/2025,"AMOR DI GUSTO"
Alimentari,Gastronomia,Argu,11,11,09/06/2025,"ARGU; ARGU; ARGU; ARGU; ARGU; ARGU; ARGU; ARGU; ARGU; ARGU; ARGU"
Alimentari,Gastronomia,Bistrot,2,2,02/03/2025,"BISTROT; BISTROT"
Alimentari,Gastronomia,Cr Italy,1,1,04/03/2025,"CR ITALY"
Alimentari,Gastronomia,Fatifèr,1,1,14/06/2025,"FATIFER"
Alimentari,Gastronomia,Galleria,1,1,13/06/2025,"BOLOGNA FOOD GALLERY"
Alimentari,Gastronomia,Gastronomia,4,2,03/04/2025,"AMI POKE'; AMI POKE'; FARIN KITCHEN; FARIN KITCHEN"
Alimentari,Gastronomia,Polleria,2,2,06/05/2025,"POLLERIA; POLLERIA"
Alimentari,Gelateria,Gelateria,1,0,Mai utilizzato,"GELARMONY"
Alimentari,Gelateria,I Nobili Gelateria,1,1,23/03/2025,"I NOBILI GELATERIA"
Alimentari,Gourmet,Gastronomia,1,1,28/09/2024,"SCAGORA GOURMET"
Alimentari,Healthy,Truth,4,4,15/06/2025,"TRUTH; TRUTH; TRUTH; TRUTH"
Alimentari,Latticini,Caseificio,1,1,27/11/2024,"CASEIFICIO LA PAGLIARA"
Alimentari,Latticini,Caseificio Giusti,3,3,30/03/2025,"CASEIFICIO GIUSTI; CASEIFICIO GIUSTI; CASEIFICIO GIUSTI"
Alimentari,Lavanderia,Lavanderia DM,1,0,Mai utilizzato,"LAVANDERIA DM"
Alimentari,Macelleria,Il Mannarino,1,1,12/06/2025,"IL MANNARINO"
Alimentari,Mensa,Mensa Polo Tuscolano,34,17,27/06/2025,"MENSA POLO TUSCOLANO; MENSA POLO TUSCOLANO; MENSA POLO TUSCOLANO; MENSA POLO TUSCOLANO; MENSA POLO TUSCOLANO; MENSA POLO TUSCOLANO; MENSA POLO TUSCOLANO; MENSA POLO TUSCOLANO; MENSA POLO TUSCOLANO; MENSA POLO TUSCOLANO; MENSA POLO TUSCOLANO; MENSA POLO TUSCOLANO; MENSA POLO TUSCOLANO; MENSA POLO TUSCOLANO; MENSA POLO TUSCOLANO; MENSA POLO TUSCOLANO; MENSA POLO TUSCOLANO; MENSA POLO; MENSA POLO; MENSA POLO; MENSA POLO; MENSA POLO; MENSA POLO; MENSA POLO; MENSA POLO; MENSA POLO; MENSA POLO; MENSA POLO; MENSA POLO; MENSA POLO; MENSA POLO; MENSA POLO; MENSA POLO; MENSA POLO"
Alimentari,Pane,Le Palme,2,2,03/05/2025,"LE PALME; LE PALME"
Alimentari,Panetteria,La Famille,2,2,28/05/2025,"LA FAMILLE; LA FAMILLE"
Alimentari,Panetteria,Pane e Tigella,1,1,11/06/2025,"IL TIGELLINO"
Alimentari,Panetteria,Paul,1,0,Mai utilizzato,"PAUL1"
Alimentari,Panini/Sandwich,Pause Sandwich,1,1,27/05/2025,"PAUSE SANDWICH"
Alimentari,Pasticceria,Carrinho Confeitaria,1,1,20/12/2024,"CARRINHO CONFEITARIA"
Alimentari,Pasticceria,Cornetteria,1,1,02/07/2024,"CORNETTOLANDIA"
Alimentari,Pasticceria,Konditorei,1,0,Mai utilizzato,"OBERLAA KONDITOREI"
Alimentari,Pasticceria,Pasteis de Belem,1,1,19/12/2024,"PASTEIS DE BELEM"
Alimentari,Pasticceria,Pasticceria,1,1,26/05/2025,"LA PROMENADE"
Alimentari,Pescheria,Pesce,1,1,09/03/2025,"PESCE & P."
Alimentari,Pizzeria,Angelo Pezzella,1,1,30/12/2024,"ANGELO PEZZELLA"
Alimentari,Pizzeria,Papa Posto,1,0,Mai utilizzato,"PAPA POSTO"
Alimentari,Ramen,Cucina asiatica,1,1,26/05/2025,"RAMEN TON BOL"
Alimentari,Ristorazione,Bar,165,33,27/06/2025,"BAR; BAR; BAR; BAR; BAR; BAR; BAR; BAR; BAR; BAR; BAR; BAR; BAR; BAR; BAR; BAR; BAR; BAR; BAR; BAR; BAR; BAR; BAR; BAR; BAR; BAR; BAR; BAR; BAR; BAR; BAR; BAR; BAR; BUDDHA SMILE; BUDDHA SMILE; BUDDHA SMILE; BUDDHA SMILE; BUDDHA SMILE; BUDDHA SMILE; BUDDHA SMILE; BUDDHA SMILE; BUDDHA SMILE; BUDDHA SMILE; BUDDHA SMILE; BUDDHA SMILE; BUDDHA SMILE; BUDDHA SMILE; BUDDHA SMILE; BUDDHA SMILE; BUDDHA SMILE; BUDDHA SMILE; BUDDHA SMILE; BUDDHA SMILE; BUDDHA SMILE; BUDDHA SMILE; BUDDHA SMILE; BUDDHA SMILE; BUDDHA SMILE; BUDDHA SMILE; BUDDHA SMILE; BUDDHA SMILE; BUDDHA SMILE; BUDDHA SMILE; BUDDHA SMILE; BUDDHA SMILE; BUDDHA SMILE; PEGAL A GOSTO; PEGAL A GOSTO; PEGAL A GOSTO; PEGAL A GOSTO; PEGAL A GOSTO; PEGAL A GOSTO; PEGAL A GOSTO; PEGAL A GOSTO; PEGAL A GOSTO; PEGAL A GOSTO; PEGAL A GOSTO; PEGAL A GOSTO; PEGAL A GOSTO; PEGAL A GOSTO; PEGAL A GOSTO; PEGAL A GOSTO; PEGAL A GOSTO; PEGAL A GOSTO; PEGAL A GOSTO; PEGAL A GOSTO; PEGAL A GOSTO; PEGAL A GOSTO; PEGAL A GOSTO; PEGAL A GOSTO; PEGAL A GOSTO; PEGAL A GOSTO; PEGAL A GOSTO; PEGAL A GOSTO; PEGAL A GOSTO; PEGAL A GOSTO; PEGAL A GOSTO; PEGAL A GOSTO; PEGAL A GOSTO; MARIA JESUS PINHEIRO; MARIA JESUS PINHEIRO; MARIA JESUS PINHEIRO; MARIA JESUS PINHEIRO; MARIA JESUS PINHEIRO; MARIA JESUS PINHEIRO; MARIA JESUS PINHEIRO; MARIA JESUS PINHEIRO; MARIA JESUS PINHEIRO; MARIA JESUS PINHEIRO; MARIA JESUS PINHEIRO; MARIA JESUS PINHEIRO; MARIA JESUS PINHEIRO; MARIA JESUS PINHEIRO; MARIA JESUS PINHEIRO; MARIA JESUS PINHEIRO; MARIA JESUS PINHEIRO; MARIA JESUS PINHEIRO; MARIA JESUS PINHEIRO; MARIA JESUS PINHEIRO; MARIA JESUS PINHEIRO; MARIA JESUS PINHEIRO; MARIA JESUS PINHEIRO; MARIA JESUS PINHEIRO; MARIA JESUS PINHEIRO; MARIA JESUS PINHEIRO; MARIA JESUS PINHEIRO; MARIA JESUS PINHEIRO; MARIA JESUS PINHEIRO; MARIA JESUS PINHEIRO; MARIA JESUS PINHEIRO; MARIA JESUS PINHEIRO; MARIA JESUS PINHEIRO; GUSTAMI DI IOVANE MARC; GUSTAMI DI IOVANE MARC; GUSTAMI DI IOVANE MARC; GUSTAMI DI IOVANE MARC; GUSTAMI DI IOVANE MARC; GUSTAMI DI IOVANE MARC; GUSTAMI DI IOVANE MARC; GUSTAMI DI IOVANE MARC; GUSTAMI DI IOVANE MARC; GUSTAMI DI IOVANE MARC; GUSTAMI DI IOVANE MARC; GUSTAMI DI IOVANE MARC; GUSTAMI DI IOVANE MARC; GUSTAMI DI IOVANE MARC; GUSTAMI DI IOVANE MARC; GUSTAMI DI IOVANE MARC; GUSTAMI DI IOVANE MARC; GUSTAMI DI IOVANE MARC; GUSTAMI DI IOVANE MARC; GUSTAMI DI IOVANE MARC; GUSTAMI DI IOVANE MARC; GUSTAMI DI IOVANE MARC; GUSTAMI DI IOVANE MARC; GUSTAMI DI IOVANE MARC; GUSTAMI DI IOVANE MARC; GUSTAMI DI IOVANE MARC; GUSTAMI DI IOVANE MARC; GUSTAMI DI IOVANE MARC; GUSTAMI DI IOVANE MARC; GUSTAMI DI IOVANE MARC; GUSTAMI DI IOVANE MARC; GUSTAMI DI IOVANE MARC; GUSTAMI DI IOVANE MARC"
Alimentari,Ristorazione,Bar/Ristorante,1,1,30/11/2024,"QUINTO"
Alimentari,Ristorazione,Bellota-Bellota,1,1,30/05/2025,"BELLOTA-BELLOTA"
Alimentari,Ristorazione,Chalet,1,1,12/12/2024,"CHALET LA DELIZIA"
Alimentari,Ristorazione,Cibivacco,1,1,16/02/2025,"CIBIVACCO"
Alimentari,Ristorazione,Da Gigi,1,1,16/02/2025,"DA GIGI"
Alimentari,Ristorazione,Delivery,3,0,Mai utilizzato,"DELIVEROO; UBER EATS; GLOVO"
Alimentari,Ristorazione,Fast Food,36,9,04/08/2025,"MCDONALD; MCDONALD; MCDONALD; MCDONALD; MCDONALD; MCDONALD; MCDONALD; MCDONALD; MCDONALD; BURGER KING; BURGER KING; BURGER KING; BURGER KING; BURGER KING; BURGER KING; BURGER KING; BURGER KING; BURGER KING; SEVEN; SEVEN; SEVEN; SEVEN; SEVEN; SEVEN; SEVEN; SEVEN; SEVEN; VAPIANO; VAPIANO; VAPIANO; VAPIANO; VAPIANO; VAPIANO; VAPIANO; VAPIANO; VAPIANO"
Alimentari,Ristorazione,Fusion,2,2,11/01/2025,"KALAPA; KALAPA"
Alimentari,Ristorazione,Giove Est Mychef,1,1,05/01/2025,"MYCHEF"
Alimentari,Ristorazione,Izuma,2,2,16/04/2025,"IZUMA; IZUMA"
Alimentari,Ristorazione,Koletsa Maria,1,1,25/07/2024,"KOLETSA MARIA"
Alimentari,Ristorazione,Macelleria,1,1,18/06/2025,"PEPPE O RUSSO"
Alimentari,Ristorazione,Magliano,1,1,16/02/2025,"SDP MAGLIANO"
Alimentari,Ristorazione,Messicano,1,1,30/07/2024,"MESSICO E NUVOLE"
Alimentari,Ristorazione,Mon Ami,1,1,21/03/2025,"MON AMI'"
Alimentari,Ristorazione,Osteria,8,4,12/05/2025,"OSTERIA; OSTERIA; OSTERIA; OSTERIA; DA NOI; DA NOI; DA NOI; DA NOI"
Alimentari,Ristorazione,Parlamento,1,1,26/04/2025,"KELSEN IM PARLAMENT"
Alimentari,Ristorazione,Piazza,1,1,11/06/2025,"LA PIAZZA"
Alimentari,Ristorazione,Pizzeria,2,1,10/05/2025,"PIZZERIA; KRAM"
Alimentari,Ristorazione,Ristorante,216,24,01/07/2025,"RISTORANTE; RISTORANTE; RISTORANTE; RISTORANTE; RISTORANTE; RISTORANTE; RISTORANTE; RISTORANTE; RISTORANTE; RISTORANTE; RISTORANTE; RISTORANTE; RISTORANTE; RISTORANTE; RISTORANTE; RISTORANTE; RISTORANTE; RISTORANTE; RISTORANTE; RISTORANTE; RISTORANTE; RISTORANTE; RISTORANTE; RISTORANTE; THE BASE; THE BASE; THE BASE; THE BASE; THE BASE; THE BASE; THE BASE; THE BASE; THE BASE; THE BASE; THE BASE; THE BASE; THE BASE; THE BASE; THE BASE; THE BASE; THE BASE; THE BASE; THE BASE; THE BASE; THE BASE; THE BASE; THE BASE; THE BASE; CAMAL; CAMAL; CAMAL; CAMAL; CAMAL; CAMAL; CAMAL; CAMAL; CAMAL; CAMAL; CAMAL; CAMAL; CAMAL; CAMAL; CAMAL; CAMAL; CAMAL; CAMAL; CAMAL; CAMAL; CAMAL; CAMAL; CAMAL; CAMAL; LI VOLSI; LI VOLSI; LI VOLSI; LI VOLSI; LI VOLSI; LI VOLSI; LI VOLSI; LI VOLSI; LI VOLSI; LI VOLSI; LI VOLSI; LI VOLSI; LI VOLSI; LI VOLSI; LI VOLSI; LI VOLSI; LI VOLSI; LI VOLSI; LI VOLSI; LI VOLSI; LI VOLSI; LI VOLSI; LI VOLSI; LI VOLSI; LA LAMPARA; LA LAMPARA; LA LAMPARA; LA LAMPARA; LA LAMPARA; LA LAMPARA; LA LAMPARA; LA LAMPARA; LA LAMPARA; LA LAMPARA; LA LAMPARA; LA LAMPARA; LA LAMPARA; LA LAMPARA; LA LAMPARA; LA LAMPARA; LA LAMPARA; LA LAMPARA; LA LAMPARA; LA LAMPARA; LA LAMPARA; LA LAMPARA; LA LAMPARA; LA LAMPARA; BLANCO; BLANCO; BLANCO; BLANCO; BLANCO; BLANCO; BLANCO; BLANCO; BLANCO; BLANCO; BLANCO; BLANCO; BLANCO; BLANCO; BLANCO; BLANCO; BLANCO; BLANCO; BLANCO; BLANCO; BLANCO; BLANCO; BLANCO; BLANCO; LA PASTERIA; LA PASTERIA; LA PASTERIA; LA PASTERIA; LA PASTERIA; LA PASTERIA; LA PASTERIA; LA PASTERIA; LA PASTERIA; LA PASTERIA; LA PASTERIA; LA PASTERIA; LA PASTERIA; LA PASTERIA; LA PASTERIA; LA PASTERIA; LA PASTERIA; LA PASTERIA; LA PASTERIA; LA PASTERIA; LA PASTERIA; LA PASTERIA; LA PASTERIA; LA PASTERIA; OPIA SRL; OPIA SRL; OPIA SRL; OPIA SRL; OPIA SRL; OPIA SRL; OPIA SRL; OPIA SRL; OPIA SRL; OPIA SRL; OPIA SRL; OPIA SRL; OPIA SRL; OPIA SRL; OPIA SRL; OPIA SRL; OPIA SRL; OPIA SRL; OPIA SRL; OPIA SRL; OPIA SRL; OPIA SRL; OPIA SRL; OPIA SRL; Country Club di Gu Calcata; Country Club di Gu Calcata; Country Club di Gu Calcata; Country Club di Gu Calcata; Country Club di Gu Calcata; Country Club di Gu Calcata; Country Club di Gu Calcata; Country Club di Gu Calcata; Country Club di Gu Calcata; Country Club di Gu Calcata; Country Club di Gu Calcata; Country Club di Gu Calcata; Country Club di Gu Calcata; Country Club di Gu Calcata; Country Club di Gu Calcata; Country Club di Gu Calcata; Country Club di Gu Calcata; Country Club di Gu Calcata; Country Club di Gu Calcata; Country Club di Gu Calcata; Country Club di Gu Calcata; Country Club di Gu Calcata; Country Club di Gu Calcata; Country Club di Gu Calcata"
Alimentari,Ristorazione,Sushi,4,2,13/12/2024,"KIYOMI; KIYOMI; SUSHI GOOD; SUSHI GOOD"
Alimentari,Ristorazione,TABACCHERIA FILIU',1,1,17/06/2025,"TABACCHERIA FILIU'"
Alimentari,Ristorazione,Taberna,1,1,18/12/2024,"TABERNA DA BAIXA"
Alimentari,Ristorazione,Taverna,1,1,07/07/2025,"TAVERNA"
Alimentari,Ristorazione,Trattoria,24,6,09/05/2025,"DA PAOLO ALLA CAPANNIN; DA PAOLO ALLA CAPANNIN; DA PAOLO ALLA CAPANNIN; DA PAOLO ALLA CAPANNIN; DA PAOLO ALLA CAPANNIN; DA PAOLO ALLA CAPANNIN; DONNA CIRA; DONNA CIRA; DONNA CIRA; DONNA CIRA; DONNA CIRA; DONNA CIRA; DA AGNESE; DA AGNESE; DA AGNESE; DA AGNESE; DA AGNESE; DA AGNESE; HELLO SAILOR; HELLO SAILOR; HELLO SAILOR; HELLO SAILOR; HELLO SAILOR; HELLO SAILOR"
Alimentari,Ristorazione,Zuppa,1,1,07/05/2025,"LA SOLITA ZUPPA"
Alimentari,Spesa quotidiana,Discount,18,9,04/08/2025,"PENNY; PENNY; PENNY; PENNY; PENNY; PENNY; PENNY; PENNY; PENNY; LIDL; LIDL; LIDL; LIDL; LIDL; LIDL; LIDL; LIDL; LIDL"
Alimentari,Spesa quotidiana,Food Service,32,32,16/12/2024,"FOOD SERVICE; FOOD SERVICE; FOOD SERVICE; FOOD SERVICE; FOOD SERVICE; FOOD SERVICE; FOOD SERVICE; FOOD SERVICE; FOOD SERVICE; FOOD SERVICE; FOOD SERVICE; FOOD SERVICE; FOOD SERVICE; FOOD SERVICE; FOOD SERVICE; FOOD SERVICE; FOOD SERVICE; FOOD SERVICE; FOOD SERVICE; FOOD SERVICE; FOOD SERVICE; FOOD SERVICE; FOOD SERVICE; FOOD SERVICE; FOOD SERVICE; FOOD SERVICE; FOOD SERVICE; FOOD SERVICE; FOOD SERVICE; FOOD SERVICE; FOOD SERVICE; FOOD SERVICE"
Alimentari,Spesa quotidiana,Generale,2,2,01/07/2025,"SPESA; SPESA"
Alimentari,Spesa quotidiana,Panificio,8,4,22/03/2025,"PANIFICIO; PANIFICIO; PANIFICIO; PANIFICIO; EMERALD'S; EMERALD'S; EMERALD'S; EMERALD'S"
Alimentari,Spesa quotidiana,Supermercato,585,65,04/07/2025,"IPERCOOP; IPERCOOP; IPERCOOP; IPERCOOP; IPERCOOP; IPERCOOP; IPERCOOP; IPERCOOP; IPERCOOP; IPERCOOP; IPERCOOP; IPERCOOP; IPERCOOP; IPERCOOP; IPERCOOP; IPERCOOP; IPERCOOP; IPERCOOP; IPERCOOP; IPERCOOP; IPERCOOP; IPERCOOP; IPERCOOP; IPERCOOP; IPERCOOP; IPERCOOP; IPERCOOP; IPERCOOP; IPERCOOP; IPERCOOP; IPERCOOP; IPERCOOP; IPERCOOP; IPERCOOP; IPERCOOP; IPERCOOP; IPERCOOP; IPERCOOP; IPERCOOP; IPERCOOP; IPERCOOP; IPERCOOP; IPERCOOP; IPERCOOP; IPERCOOP; IPERCOOP; IPERCOOP; IPERCOOP; IPERCOOP; IPERCOOP; IPERCOOP; IPERCOOP; IPERCOOP; IPERCOOP; IPERCOOP; IPERCOOP; IPERCOOP; IPERCOOP; IPERCOOP; IPERCOOP; IPERCOOP; IPERCOOP; IPERCOOP; IPERCOOP; IPERCOOP; CRAI; CRAI; CRAI; CRAI; CRAI; CRAI; CRAI; CRAI; CRAI; CRAI; CRAI; CRAI; CRAI; CRAI; CRAI; CRAI; CRAI; CRAI; CRAI; CRAI; CRAI; CRAI; CRAI; CRAI; CRAI; CRAI; CRAI; CRAI; CRAI; CRAI; CRAI; CRAI; CRAI; CRAI; CRAI; CRAI; CRAI; CRAI; CRAI; CRAI; CRAI; CRAI; CRAI; CRAI; CRAI; CRAI; CRAI; CRAI; CRAI; CRAI; CRAI; CRAI; CRAI; CRAI; CRAI; CRAI; CRAI; CRAI; CRAI; CRAI; CRAI; CRAI; CRAI; CRAI; CRAI; EUROSPAR; EUROSPAR; EUROSPAR; EUROSPAR; EUROSPAR; EUROSPAR; EUROSPAR; EUROSPAR; EUROSPAR; EUROSPAR; EUROSPAR; EUROSPAR; EUROSPAR; EUROSPAR; EUROSPAR; EUROSPAR; EUROSPAR; EUROSPAR; EUROSPAR; EUROSPAR; EUROSPAR; EUROSPAR; EUROSPAR; EUROSPAR; EUROSPAR; EUROSPAR; EUROSPAR; EUROSPAR; EUROSPAR; EUROSPAR; EUROSPAR; EUROSPAR; EUROSPAR; EUROSPAR; EUROSPAR; EUROSPAR; EUROSPAR; EUROSPAR; EUROSPAR; EUROSPAR; EUROSPAR; EUROSPAR; EUROSPAR; EUROSPAR; EUROSPAR; EUROSPAR; EUROSPAR; EUROSPAR; EUROSPAR; EUROSPAR; EUROSPAR; EUROSPAR; EUROSPAR; EUROSPAR; EUROSPAR; EUROSPAR; EUROSPAR; EUROSPAR; EUROSPAR; EUROSPAR; EUROSPAR; EUROSPAR; EUROSPAR; EUROSPAR; EUROSPAR; PEWEX; PEWEX; PEWEX; PEWEX; PEWEX; PEWEX; PEWEX; PEWEX; PEWEX; PEWEX; PEWEX; PEWEX; PEWEX; PEWEX; PEWEX; PEWEX; PEWEX; PEWEX; PEWEX; PEWEX; PEWEX; PEWEX; PEWEX; PEWEX; PEWEX; PEWEX; PEWEX; PEWEX; PEWEX; PEWEX; PEWEX; PEWEX; PEWEX; PEWEX; PEWEX; PEWEX; PEWEX; PEWEX; PEWEX; PEWEX; PEWEX; PEWEX; PEWEX; PEWEX; PEWEX; PEWEX; PEWEX; PEWEX; PEWEX; PEWEX; PEWEX; PEWEX; PEWEX; PEWEX; PEWEX; PEWEX; PEWEX; PEWEX; PEWEX; PEWEX; PEWEX; PEWEX; PEWEX; PEWEX; PEWEX; SUPERMERCATI; SUPERMERCATI; SUPERMERCATI; SUPERMERCATI; SUPERMERCATI; SUPERMERCATI; SUPERMERCATI; SUPERMERCATI; SUPERMERCATI; SUPERMERCATI; SUPERMERCATI; SUPERMERCATI; SUPERMERCATI; SUPERMERCATI; SUPERMERCATI; SUPERMERCATI; SUPERMERCATI; SUPERMERCATI; SUPERMERCATI; SUPERMERCATI; SUPERMERCATI; SUPERMERCATI; SUPERMERCATI; SUPERMERCATI; SUPERMERCATI; SUPERMERCATI; SUPERMERCATI; SUPERMERCATI; SUPERMERCATI; SUPERMERCATI; SUPERMERCATI; SUPERMERCATI; SUPERMERCATI; SUPERMERCATI; SUPERMERCATI; SUPERMERCATI; SUPERMERCATI; SUPERMERCATI; SUPERMERCATI; SUPERMERCATI; SUPERMERCATI; SUPERMERCATI; SUPERMERCATI; SUPERMERCATI; SUPERMERCATI; SUPERMERCATI; SUPERMERCATI; SUPERMERCATI; SUPERMERCATI; SUPERMERCATI; SUPERMERCATI; SUPERMERCATI; SUPERMERCATI; SUPERMERCATI; SUPERMERCATI; SUPERMERCATI; SUPERMERCATI; SUPERMERCATI; SUPERMERCATI; SUPERMERCATI; SUPERMERCATI; SUPERMERCATI; SUPERMERCATI; SUPERMERCATI; SUPERMERCATI; PANORAMA; PANORAMA; PANORAMA; PANORAMA; PANORAMA; PANORAMA; PANORAMA; PANORAMA; PANORAMA; PANORAMA; PANORAMA; PANORAMA; PANORAMA; PANORAMA; PANORAMA; PANORAMA; PANORAMA; PANORAMA; PANORAMA; PANORAMA; PANORAMA; PANORAMA; PANORAMA; PANORAMA; PANORAMA; PANORAMA; PANORAMA; PANORAMA; PANORAMA; PANORAMA; PANORAMA; PANORAMA; PANORAMA; PANORAMA; PANORAMA; PANORAMA; PANORAMA; PANORAMA; PANORAMA; PANORAMA; PANORAMA; PANORAMA; PANORAMA; PANORAMA; PANORAMA; PANORAMA; PANORAMA; PANORAMA; PANORAMA; PANORAMA; PANORAMA; PANORAMA; PANORAMA; PANORAMA; PANORAMA; PANORAMA; PANORAMA; PANORAMA; PANORAMA; PANORAMA; PANORAMA; PANORAMA; PANORAMA; PANORAMA; PANORAMA; SCOMODO; SCOMODO; SCOMODO; SCOMODO; SCOMODO; SCOMODO; SCOMODO; SCOMODO; SCOMODO; SCOMODO; SCOMODO; SCOMODO; SCOMODO; SCOMODO; SCOMODO; SCOMODO; SCOMODO; SCOMODO; SCOMODO; SCOMODO; SCOMODO; SCOMODO; SCOMODO; SCOMODO; SCOMODO; SCOMODO; SCOMODO; SCOMODO; SCOMODO; SCOMODO; SCOMODO; SCOMODO; SCOMODO; SCOMODO; SCOMODO; SCOMODO; SCOMODO; SCOMODO; SCOMODO; SCOMODO; SCOMODO; SCOMODO; SCOMODO; SCOMODO; SCOMODO; SCOMODO; SCOMODO; SCOMODO; SCOMODO; SCOMODO; SCOMODO; SCOMODO; SCOMODO; SCOMODO; SCOMODO; SCOMODO; SCOMODO; SCOMODO; SCOMODO; SCOMODO; SCOMODO; SCOMODO; SCOMODO; SCOMODO; SCOMODO; CASA OZ; CASA OZ; CASA OZ; CASA OZ; CASA OZ; CASA OZ; CASA OZ; CASA OZ; CASA OZ; CASA OZ; CASA OZ; CASA OZ; CASA OZ; CASA OZ; CASA OZ; CASA OZ; CASA OZ; CASA OZ; CASA OZ; CASA OZ; CASA OZ; CASA OZ; CASA OZ; CASA OZ; CASA OZ; CASA OZ; CASA OZ; CASA OZ; CASA OZ; CASA OZ; CASA OZ; CASA OZ; CASA OZ; CASA OZ; CASA OZ; CASA OZ; CASA OZ; CASA OZ; CASA OZ; CASA OZ; CASA OZ; CASA OZ; CASA OZ; CASA OZ; CASA OZ; CASA OZ; CASA OZ; CASA OZ; CASA OZ; CASA OZ; CASA OZ; CASA OZ; CASA OZ; CASA OZ; CASA OZ; CASA OZ; CASA OZ; CASA OZ; CASA OZ; CASA OZ; CASA OZ; CASA OZ; CASA OZ; CASA OZ; CASA OZ; SUPERMERCATO TOP; SUPERMERCATO TOP; SUPERMERCATO TOP; SUPERMERCATO TOP; SUPERMERCATO TOP; SUPERMERCATO TOP; SUPERMERCATO TOP; SUPERMERCATO TOP; SUPERMERCATO TOP; SUPERMERCATO TOP; SUPERMERCATO TOP; SUPERMERCATO TOP; SUPERMERCATO TOP; SUPERMERCATO TOP; SUPERMERCATO TOP; SUPERMERCATO TOP; SUPERMERCATO TOP; SUPERMERCATO TOP; SUPERMERCATO TOP; SUPERMERCATO TOP; SUPERMERCATO TOP; SUPERMERCATO TOP; SUPERMERCATO TOP; SUPERMERCATO TOP; SUPERMERCATO TOP; SUPERMERCATO TOP; SUPERMERCATO TOP; SUPERMERCATO TOP; SUPERMERCATO TOP; SUPERMERCATO TOP; SUPERMERCATO TOP; SUPERMERCATO TOP; SUPERMERCATO TOP; SUPERMERCATO TOP; SUPERMERCATO TOP; SUPERMERCATO TOP; SUPERMERCATO TOP; SUPERMERCATO TOP; SUPERMERCATO TOP; SUPERMERCATO TOP; SUPERMERCATO TOP; SUPERMERCATO TOP; SUPERMERCATO TOP; SUPERMERCATO TOP; SUPERMERCATO TOP; SUPERMERCATO TOP; SUPERMERCATO TOP; SUPERMERCATO TOP; SUPERMERCATO TOP; SUPERMERCATO TOP; SUPERMERCATO TOP; SUPERMERCATO TOP; SUPERMERCATO TOP; SUPERMERCATO TOP; SUPERMERCATO TOP; SUPERMERCATO TOP; SUPERMERCATO TOP; SUPERMERCATO TOP; SUPERMERCATO TOP; SUPERMERCATO TOP; SUPERMERCATO TOP; SUPERMERCATO TOP; SUPERMERCATO TOP; SUPERMERCATO TOP; SUPERMERCATO TOP"
Alimentari,Spesa quotidiana,SUPERMERCATO,4,0,Mai utilizzato,"CONAD; COOP; ESSELUNGA; CARREFOUR"
Alimentari,Spiedini,Kontos Souvlaki,1,1,22/07/2024,"KONTOS SOUVLAKI"
Alimentari,Street Food,Bi Bim Bap,1,1,25/05/2025,"BI BIM BAP"
Alimentari,Street Food,Empanadas,1,1,19/12/2024,"EMPANADAS MBQ"
Alimentari,Street Food,Happy Food,1,1,19/12/2024,"HAPPY FOOD"
Alimentari,Street Food,Tredicine,1,1,30/12/2024,"TREDICINE DINO"
Alimentari,Street Food,Wurstel Vienna,1,1,27/04/2025,"ZUM GOLDENEN WUERSTL"
Alimentari,Supermercato,BAZAAR,2,1,24/07/2024,"SUPER MARKET BAZAAR; BAZAAR"
Alimentari,Supermercato,DESYDERIO,1,1,07/12/2024,"DESYDERIO"
Alimentari,Supermercato,HAVANA,1,0,Mai utilizzato,"HAVANA"
Alimentari,Supermercato,Relay,1,1,25/05/2025,"RELAY"
Alimentari,Supermercato,Spar,1,1,24/04/2025,"SPAR"
Alimentari,Supermercato,Spesa quotidiana,3,3,18/06/2025,"SUPERMERCATO; SUPERMERCATO; SUPERMERCATO"
Alimentari,Supermercato,Sunset Beach,2,2,03/08/2024,"SUNSET BEACH; SUNSET BEACH"
Alimentari,Supermercato,TEDI,2,2,04/07/2025,"TEDI; TEDI"
Alimentari,Surgelati,Eurosurgelati,1,1,24/06/2025,"EUROSURGELATI"
Alimentari,Sushi,Yo Fusion,1,1,22/05/2025,"YO FUSION"
Amazon,Shopping,E-commerce,1,0,Mai utilizzato,"AMAZON"
Auto,Carburante,EASY SERVICE,17,17,31/07/2025,"EASY SERVICE; EASY SERVICE; EASY SERVICE; EASY SERVICE; EASY SERVICE; EASY SERVICE; EASY SERVICE; EASY SERVICE; EASY SERVICE; EASY SERVICE; EASY SERVICE; EASY SERVICE; EASY SERVICE; EASY SERVICE; EASY SERVICE; EASY SERVICE; EASY SERVICE"
Auto,Carburante,Fiamma,1,1,31/05/2025,"FIAMMA"
Auto,Carburante,MY OILVIA,1,1,20/09/2024,"MY OILVIA"
Auto,Officina,C.M. Motori,1,1,28/04/2025,"C.M. MOTORI"
Banca,Bancomat,Sportello,9,3,30/03/2025,"PV7264; PV7264; PV7264; PV5587; PV5587; PV5587; 45575 NOLA; 45575 NOLA; 45575 NOLA"
Banca,Carte di Pagamento,Carta Credito Cooperativo,13,13,17/07/2025,"CREDITO COOPERATIVO; CREDITO COOPERATIVO; CREDITO COOPERATIVO; CREDITO COOPERATIVO; CREDITO COOPERATIVO; CREDITO COOPERATIVO; CREDITO COOPERATIVO; CREDITO COOPERATIVO; CREDITO COOPERATIVO; CREDITO COOPERATIVO; CREDITO COOPERATIVO; CREDITO COOPERATIVO; CREDITO COOPERATIVO"
Banca,Commissioni,ACI,1,0,Mai utilizzato,"AUTOMOBILE"
Banca,Commissioni,Bancomat Estero,4,4,15/07/2025,"BANCOMAT ESTERO; BANCOMAT ESTERO; BANCOMAT ESTERO; BANCOMAT ESTERO"
Banca,Commissioni,Commissioni,32,32,30/07/2025,"COMMISSIONI; COMMISSIONI; COMMISSIONI; COMMISSIONI; COMMISSIONI; COMMISSIONI; COMMISSIONI; COMMISSIONI; COMMISSIONI; COMMISSIONI; COMMISSIONI; COMMISSIONI; COMMISSIONI; COMMISSIONI; COMMISSIONI; COMMISSIONI; COMMISSIONI; COMMISSIONI; COMMISSIONI; COMMISSIONI; COMMISSIONI; COMMISSIONI; COMMISSIONI; COMMISSIONI; COMMISSIONI; COMMISSIONI; COMMISSIONI; COMMISSIONI; COMMISSIONI; COMMISSIONI; COMMISSIONI; COMMISSIONI"
Banca,Commissioni,Imposte e Tasse,6,3,26/05/2025,"IMPOSTA; IMPOSTA; IMPOSTA; Imposte e Tasse; Imposte e Tasse; Imposte e Tasse"
Banca,Commissioni,Prelievo Zona Euro,1,0,Mai utilizzato,"PRELIEVO"
Banca,Commissioni,SEPA,66,66,01/08/2025,"SEPA; SEPA; SEPA; SEPA; SEPA; SEPA; SEPA; SEPA; SEPA; SEPA; SEPA; SEPA; SEPA; SEPA; SEPA; SEPA; SEPA; SEPA; SEPA; SEPA; SEPA; SEPA; SEPA; SEPA; SEPA; SEPA; SEPA; SEPA; SEPA; SEPA; SEPA; SEPA; SEPA; SEPA; SEPA; SEPA; SEPA; SEPA; SEPA; SEPA; SEPA; SEPA; SEPA; SEPA; SEPA; SEPA; SEPA; SEPA; SEPA; SEPA; SEPA; SEPA; SEPA; SEPA; SEPA; SEPA; SEPA; SEPA; SEPA; SEPA; SEPA; SEPA; SEPA; SEPA; SEPA; SEPA"
Banca,Interessi,Competenze,5,5,30/06/2025,"INTERESSI; INTERESSI; INTERESSI; INTERESSI; INTERESSI"
Banca,Prelievo,ATM,2,2,13/07/2025,"ATM; ATM"
Banca,Prelievo,Contante Estero,22,22,30/07/2025,"PRELEVAMENTO; PRELEVAMENTO; PRELEVAMENTO; PRELEVAMENTO; PRELEVAMENTO; PRELEVAMENTO; PRELEVAMENTO; PRELEVAMENTO; PRELEVAMENTO; PRELEVAMENTO; PRELEVAMENTO; PRELEVAMENTO; PRELEVAMENTO; PRELEVAMENTO; PRELEVAMENTO; PRELEVAMENTO; PRELEVAMENTO; PRELEVAMENTO; PRELEVAMENTO; PRELEVAMENTO; PRELEVAMENTO; PRELEVAMENTO"
Banca,Prelievo,Estero FALIRAKI,1,0,Mai utilizzato,"FALIRAKI"
Banca,Prelievo,Estero Fiumicino,5,5,07/07/2025,"FIUMICINO; FIUMICINO; FIUMICINO; FIUMICINO; FIUMICINO"
Banca,Prelievo,Estero Napoli,11,11,21/06/2025,"NAPOLI; NAPOLI; NAPOLI; NAPOLI; NAPOLI; NAPOLI; NAPOLI; NAPOLI; NAPOLI; NAPOLI; NAPOLI"
Banca,Servizi,Versamento Sportello,2,2,15/05/2025,"VERSAMENTO; VERSAMENTO"
Banca,Storni,Storno,3,3,22/12/2024,"STORNO; STORNO; STORNO"
Benzina,Trasporti,Carburante,1,0,Mai utilizzato,"BENZINA"
Casa,Accessori casa,Casalandia,3,3,06/01/2025,"CASALANDIA; CASALANDIA; CASALANDIA"
Casa,Arredamento,Zero Fashion,1,1,06/07/2025,"ZERO FASHION"
Casa,Assicurazioni,Assicurazione,2,2,25/06/2025,"ASSICURAZIONE; ASSICURAZIONE"
Casa,Assicurazioni,Assicurazione Barca,9,9,01/07/2025,"BARCA; BARCA; BARCA; BARCA; BARCA; BARCA; BARCA; BARCA; BARCA"
Casa,Assicurazioni,Polizza Charter,1,1,25/06/2025,"CHARTER"
Casa,Assicurazioni,Quota Assicurazione,1,0,Mai utilizzato,"QUOTA ASSICURAZIONE"
Casa,Brico,Edilbriko,1,1,21/03/2025,"EDILBRIKO"
Casa,Cialde Caffè,Capsule e Cialde,2,2,15/03/2025,"CAPSULE E CIALDE; CAPSULE E CIALDE"
Casa,Condominio,Acconto,1,1,05/09/2024,"ACCONTO"
Casa,Condominio,Mediazione,1,1,24/06/2025,"MEDIAZIONE"
Casa,Condominio,Quote,2,2,29/04/2025,"QUOTE; QUOTE"
Casa,Condominio,Rata,18,18,24/07/2025,"RATA; RATA; RATA; RATA; RATA; RATA; RATA; RATA; RATA; RATA; RATA; RATA; RATA; RATA; RATA; RATA; RATA; RATA"
Casa,Edilizia,Edilmarket,5,5,28/04/2025,"EDILMARKET; EDILMARKET; EDILMARKET; EDILMARKET; EDILMARKET"
Casa,Finanziamenti,Mutuo,14,14,07/08/2025,"MUTUO; MUTUO; MUTUO; MUTUO; MUTUO; MUTUO; MUTUO; MUTUO; MUTUO; MUTUO; MUTUO; MUTUO; MUTUO; MUTUO"
Casa,Servizi,Lavanderia,1,0,Mai utilizzato,"LAVANDERIA"
Casa,Servizi,Streaming,3,0,Mai utilizzato,"NETFLIX; SPOTIFY; AMAZON PRIME"
Casa,Utenze,Internet,1,0,Mai utilizzato,"FASTWEB"
Casa,Utenze,Telefonia,36,12,11/08/2025,"VODAFONE; VODAFONE; VODAFONE; VODAFONE; VODAFONE; VODAFONE; VODAFONE; VODAFONE; VODAFONE; VODAFONE; VODAFONE; VODAFONE; TIM; TIM; TIM; TIM; TIM; TIM; TIM; TIM; TIM; TIM; TIM; TIM; WIND; WIND; WIND; WIND; WIND; WIND; WIND; WIND; WIND; WIND; WIND; WIND"
Cultura,Museo,Biglietti,1,0,Mai utilizzato,"KHM-KHM-KA76"
Entrate,Lavoro,Anticipo,2,2,19/06/2025,"ANTICIPO; ANTICIPO"
Entrate,Lavoro,Ministero,1,0,Mai utilizzato,"MIN.INT.SEGR.DIP.TO PUBB.SICU."
Entrate,Lavoro,Missione,3,3,22/01/2025,"MISSIONE; MISSIONE; MISSIONE"
Entrate,Lavoro,Saldi Miss,1,1,31/10/2024,"SALDI MISS"
Entrate,Lavoro,Stipendio,16,16,23/07/2025,"Emolumenti; Emolumenti; Emolumenti; Emolumenti; Emolumenti; Emolumenti; Emolumenti; Emolumenti; Emolumenti; Emolumenti; Emolumenti; Emolumenti; Emolumenti; Emolumenti; Emolumenti; Emolumenti"
Farmacia,Salute,Medicinali,4,4,13/03/2025,"FARMACIA; FARMACIA; FARMACIA; FARMACIA"
Finanze,Bonifici,Bonifico,13,13,24/07/2025,"BONIFICO; BONIFICO; BONIFICO; BONIFICO; BONIFICO; BONIFICO; BONIFICO; BONIFICO; BONIFICO; BONIFICO; BONIFICO; BONIFICO; BONIFICO"
Fitness,Palestra,Time Fitness,2,2,03/06/2025,"TIME FITNESS; TIME FITNESS"
Gastronomia,Enoteca,Arte e Vino,1,1,21/10/2024,"ARTE E VINO"
Gastronomia,Tipico Calabrese,Mi'Ndujo,1,1,17/05/2025,"MI' NDUJO"
Gestione Immobili,Affittacamere,Capena,1,1,13/04/2025,"RICA GEST"
Intrattenimento,Cinema,Biglietti,1,0,Mai utilizzato,"CINEMA"
Intrattenimento,Palestra,Fitness,1,0,Mai utilizzato,"PALESTRA"
Noleggio,Auto,Makere,1,1,17/06/2025,"MAKERE"
Noleggio,Auto,YRG,1,1,24/08/2024,"Y.R.G."
Pagamenti,E-Wallet,Digital,1,1,10/01/2025,"LIS PAY"
Pagamento,Pedaggio,Fast Pay,1,1,22/02/2025,"FAST PAY"
Ristorazione,Ristorante,Barriolatino,8,8,07/02/2025,"BARRIOLATINO; BARRIOLATINO; BARRIOLATINO; BARRIOLATINO; BARRIOLATINO; BARRIOLATINO; BARRIOLATINO; BARRIOLATINO"
Salute,Clinica,Albamedica,1,1,17/09/2024,"ALBAMEDICA"
Salute,Farmacia,Centro Medico,2,2,18/05/2025,"ANAGNINA HFB ECO; ANAGNINA HFB ECO"
Servizi,Forniture,Gestione,1,1,30/11/2024,"GESTIONI RIUNITE"
Servizi,Industria,Sidap,1,1,13/10/2024,"NUOVA SIDAP"
Servizi,Pagamenti Digitali,Shop&Go,1,1,07/12/2024,"SHOP & GO"
Servizi,Pagamenti Digitali,SumUp,18,18,04/07/2025,"SUMUP; SUMUP; SUMUP; SUMUP; SUMUP; SUMUP; SUMUP; SUMUP; SUMUP; SUMUP; SUMUP; SUMUP; SUMUP; SUMUP; SUMUP; SUMUP; SUMUP; SUMUP"
Shopping,Abbigliamento,Le Soyeux,1,1,27/05/2025,"LE SOYEUX"
Shopping,Abbigliamento,Primark,1,1,07/12/2024,"PRIMARK"
Shopping,Abbigliamento,Sportivo,4,4,22/02/2025,"DECATHLON; DECATHLON; DECATHLON; DECATHLON"
Shopping,Abbigliamento,Zara,2,2,22/12/2024,"ZARA; ZARA"
Shopping,Accessori,Mercato,1,1,09/07/2024,"CRF MRK"
Shopping,Accessori Casa,Casalinghi Su Liai,1,1,11/10/2024,"CASALINGHI SU LIAI"
Shopping,Auto,Car Shop,1,1,28/04/2025,"CAR SHOP"
Shopping,Book Store,Match,1,1,29/05/2025,"MATCH"
Shopping,Book Store,Mondadori,1,1,18/05/2025,"MONDADORI"
Shopping,Brico,Bricoware,1,1,19/06/2025,"BRICOWARE"
Shopping,Casa,Arredamento,1,0,Mai utilizzato,"IKEA"
Shopping,Casa,Eurohome,1,1,28/07/2024,"EUROHOME"
Shopping,Cura Persona,Cosmo Spa,2,2,23/05/2025,"COSMO SPA; COSMO SPA"
Shopping,Elettronica,Euronics,2,2,17/06/2025,"EURONICS; EURONICS"
Shopping,Fitness,Britannia by N Vagabond,1,1,16/08/2024,"BRITANNIA"
Shopping,Forniture,Fatturazione/Online,1,0,Mai utilizzato,"FACTO2"
Shopping,Forniture,PV5649,2,2,07/12/2024,"PV5649; PV5649"
Shopping,Marketing Online,Marketing,1,1,18/12/2024,"LISMARKETING"
Shopping,Moda,S Factory,1,1,22/12/2024,"S FACTORY"
Shopping,Negozi,ARCA,2,2,02/02/2025,"ARCA; ARCA"
Shopping,Norcineria,Macelleria,3,3,12/04/2025,"NORCINERIA LA VILLETTA; NORCINERIA LA VILLETTA; NORCINERIA LA VILLETTA"
Shopping,Online,Amazon Payments,1,0,Mai utilizzato,"AMAZON PAYMENTS"
Shopping,Online,Ideasvapo,1,0,Mai utilizzato,"IDEASVAPOSR"
Shopping,Online,PayPal,32,32,01/08/2025,"PAYPAL; PAYPAL; PAYPAL; PAYPAL; PAYPAL; PAYPAL; PAYPAL; PAYPAL; PAYPAL; PAYPAL; PAYPAL; PAYPAL; PAYPAL; PAYPAL; PAYPAL; PAYPAL; PAYPAL; PAYPAL; PAYPAL; PAYPAL; PAYPAL; PAYPAL; PAYPAL; PAYPAL; PAYPAL; PAYPAL; PAYPAL; PAYPAL; PAYPAL; PAYPAL; PAYPAL; PAYPAL"
Shopping,Online,Shopping Online,1,0,Mai utilizzato,"SHEIN"
Shopping,Online,Svapo,1,1,04/09/2024,"SVAPODREAM"
Shopping,Pescheria,Sapore di Mare,1,1,13/10/2024,"SAPORE DI MARE"
Shopping,Produzione,Lux Produzioni,1,1,08/05/2025,"LUX PRODUZIONI"
Shopping,Servizi aziendali,CIT,1,1,05/03/2025,"C.I.T."
Shopping,Servizi toilette,2theloo,1,1,25/05/2025,"2THELOO"
Shopping,Souvenir,Regali,1,1,18/12/2024,"ALE HOP"
Shopping,Store,Negozi,1,1,11/06/2025,"GRUPPO NEGOZI"
Shopping,Supermercato,Market CRF,1,1,27/05/2025,"CRF LILLE"
Shopping,Tabacchino,Acquisti Vari,1,1,19/04/2025,"TABACCHI"
Shopping,Varie,Handels,1,1,26/04/2025,"SUNDAYS HANDELS"
Sport,Club,Polisportiva,2,2,19/09/2024,"SPORT; SPORT"
Stato,Commissioni,Imposte e Tasse,2,2,19/01/2025,"CBILL/PAGOPA; CBILL/PAGOPA"
Stato,Tasse,Comune,1,0,Mai utilizzato,"COMUNE"
Stato,Tasse,Delega Unificata,1,0,Mai utilizzato,"DELEGA"
Stato,Tasse,Imposta di Bollo,10,5,30/06/2025,"IMPOSTA DI BOLLO; IMPOSTA DI BOLLO; IMPOSTA DI BOLLO; IMPOSTA DI BOLLO; IMPOSTA DI BOLLO; Automobile Club Italia; Automobile Club Italia; Automobile Club Italia; Automobile Club Italia; Automobile Club Italia"
Tempo Libero,Associazioni,Associazione,2,2,03/12/2024,"ASSOCIAZIONE; ASSOCIAZIONE"
Tempo Libero,Associazioni,Blu Deep Emotions,1,0,Mai utilizzato,"BLU DEEP EMOTIONS"
Tempo Libero,Associazioni,Quota Associativa,1,0,Mai utilizzato,"QUOTA ASSOCIATIVA"
Tempo Libero,Bar,Cabana,1,1,20/07/2024,"CABANA"
Tempo Libero,Bar,Chorus Cafe',1,1,28/12/2024,"CHORUS CAFE'"
Tempo Libero,Barca,Barca Ponza,2,2,29/06/2025,"PONZA; PONZA"
Tempo Libero,Barca,Soldi,1,0,Mai utilizzato,"SOLDI"
Tempo Libero,Benessere,Hanami Sushi,1,1,19/07/2025,"HANAMI SUSHI"
Tempo Libero,Benessere,We Make,1,1,22/12/2024,"WE MAKE"
Tempo Libero,Biblioteca,Bibliobar,1,1,03/11/2024,"BIBLIOBAR"
Tempo Libero,Birreria,Siebensternbraeu,1,1,24/04/2025,"SIEBENSTERNBRAEU"
Tempo Libero,Camping,Plaka Camping,2,2,24/07/2024,"PLAKA CAMPING; PLAKA CAMPING"
Tempo Libero,Discoteca,Balagan,1,1,04/07/2025,"BALAGAN"
Tempo Libero,Golf Club,Country Club,1,0,Mai utilizzato,"COUNTRY CLUB"
Tempo Libero,Musica,Live,2,2,05/04/2025,"LIVE; LIVE"
Tempo Libero,Night Club,Chano Club,1,1,23/04/2025,"CHANO CLUB"
Tempo Libero,Paros,Panagiotis Platis,1,1,23/07/2024,"PANAGIOTIS PLATIS"
Tempo Libero,PUB,Pub,1,1,01/08/2025,"LABYRINTH"
Tempo Libero,Ristoranti,Osteria,1,1,07/12/2024,"LA CIVETTA"
Tempo Libero,Ristorazione,Parco,1,1,07/09/2024,"PARCO DEI PINI"
Tempo Libero,Spiaggia,Amare Holi Beach,1,1,20/07/2025,"AMARE HOLI"
Tempo Libero,Spiaggia,Rambla Natural Beach,1,1,08/09/2024,"RAMBLA"
Tempo Libero,Spiaggia,Stabilimento,1,1,08/06/2025,"AL MARE DA ANGELA"
Tempo Libero,Sport,ASD Cetus,1,0,Mai utilizzato,"ASD CETUS"
Tempo Libero,Sport,Associazione,6,3,27/10/2024,"ASD ANDROMEDA; ASD ANDROMEDA; ASD ANDROMEDA; SPORTIVA; SPORTIVA; SPORTIVA"
Tempo Libero,Sport,Associazione Sub,1,1,24/10/2024,"A.S.D. CETUS"
Tempo Libero,Sport,Corso Sub,1,0,Mai utilizzato,"CORSO SUB"
Tempo Libero,Sport,Owd,1,1,04/10/2024,"OWD"
Tempo Libero,Sport,Sport Academy,1,0,Mai utilizzato,"SPORT ACADEMY"
Tempo Libero,Stabilimento,Lido Don Pablo,3,3,16/08/2024,"LIDO DON PABLO; LIDO DON PABLO; LIDO DON PABLO"
Tempo Libero,Teatro,Teatro Opera,2,2,19/01/2025,"TEATRO OPERA; TEATRO OPERA"
Tempo Libero,Viaggi,Sky Express,1,0,Mai utilizzato,"SKY EXPRE"
Tempo Libero,Viaggi,Tourist Office,1,1,21/07/2024,"KYKLADES TOURISTIKES"
Trasporti,Auto,Parcheggio,4,2,05/01/2025,"PARCHEGGIO; PARCHEGGIO; SOSTA; SOSTA"
Trasporti,Auto,Pedaggi,14,14,31/07/2025,"TELEPASS; TELEPASS; TELEPASS; TELEPASS; TELEPASS; TELEPASS; TELEPASS; TELEPASS; TELEPASS; TELEPASS; TELEPASS; TELEPASS; TELEPASS; TELEPASS"
Trasporti,Autostrade,Pedaggio,1,1,17/08/2024,"ASPIT NOLA"
Trasporti,Carburante,BENZINA,32,8,10/08/2025,"ENI; ENI; ENI; ENI; ENI; ENI; ENI; ENI; SHELL; SHELL; SHELL; SHELL; SHELL; SHELL; SHELL; SHELL; Q8; Q8; Q8; Q8; Q8; Q8; Q8; Q8; AGIP; AGIP; AGIP; AGIP; AGIP; AGIP; AGIP; AGIP"
Trasporti,Carburante,Enerpetroli,2,2,05/01/2025,"ENERPETROLI; ENERPETROLI"
Trasporti,Carburante,IP,2,2,01/03/2025,"IP; IP"
Trasporti,Carburante,Tamoil,1,1,08/09/2024,"TAMOIL"
Trasporti,Stazioni,Stazione Mole,1,1,12/08/2024,"STAZIONE MOLE"
Trasporti,Trasporti pubblici,Aereo,2,0,Mai utilizzato,"RYANAIR; BOOKING"
Trasporti,Trasporti pubblici,Treno,2,0,Mai utilizzato,"TRENITALIA; ITALO"
Trasporti,Viaggi,Treno,2,2,27/04/2025,"OEBB TICKET; OEBB TICKET"
Viaggi,Estero,Appartamenti,1,1,26/07/2024,"MARIA NOMIKOU"
Viaggi,Estero,Bar,2,0,Mai utilizzato,"SIFONIOU KALLIOPI; IL MIO PECCATO"
Viaggi,Estero,Beach,9,3,13/07/2025,"PARALIA AGATHI; PARALIA AGATHI; PARALIA AGATHI; LADIKO RODOY; LADIKO RODOY; LADIKO RODOY; CHRYSOVALANTOU; CHRYSOVALANTOU; CHRYSOVALANTOU"
Viaggi,Estero,Casa Vacanze,12,4,27/07/2024,"THEOLOGITIS DIMITRIO; THEOLOGITIS DIMITRIO; THEOLOGITIS DIMITRIO; THEOLOGITIS DIMITRIO; NOMIKOS MAPKOS; NOMIKOS MAPKOS; NOMIKOS MAPKOS; NOMIKOS MAPKOS; SYMIDALAS ILIAS; SYMIDALAS ILIAS; SYMIDALAS ILIAS; SYMIDALAS ILIAS"
Viaggi,Estero,Naousa,1,1,20/07/2024,"AGOSTA NAOUSA"
Viaggi,Estero,Porto,1,1,28/07/2024,"MARIA DAMIGOU"
Viaggi,Estero,Ristorante Grecia,1,0,Mai utilizzato,"TSAMPIKOS ATSAIDIS"
Viaggi,Estero,Ristoranti,3,1,09/07/2025,"VAGIANOY; TZIVELEK; LACHANIATI"
Viaggi,Estero,Servizi,2,2,09/07/2025,"SATU SINIKKA ANDRIKU; SATU SINIKKA ANDRIKU"
Viaggi,Estero,Travel,1,1,19/07/2024,"SKY"
Viaggi,Estero,Water Sport,1,1,11/07/2025,"TSAMPIKOS WATERSPO"
Viaggi,Hotel,Grand Hotel,2,2,07/05/2025,"GRAND HOTEL; GRAND HOTEL"
Viaggi,Hotel,Havana Beach,8,8,01/05/2025,"HAVANA BEACH; HAVANA BEACH; HAVANA BEACH; HAVANA BEACH; HAVANA BEACH; HAVANA BEACH; HAVANA BEACH; HAVANA BEACH"
Viaggi,Hotel,Hotel Milano,1,1,12/06/2025,"HOTEL MILANO"
Viaggi,Lavoro,LILLE,3,3,30/05/2025,"LILLE FRA; LILLE FRA; LILLE FRA"
Viaggi,Personali,Barcellona,11,11,29/09/2024,"BARCELONA; BARCELONA; BARCELONA; BARCELONA; BARCELONA; BARCELONA; BARCELONA; BARCELONA; BARCELONA; BARCELONA; BARCELONA"
Viaggi,Personali,LEZIONE SCI,1,1,25/02/2025,"SCI"
Viaggi,Personali,RODI,18,9,15/07/2025,"RODI; RODI; RODI; RODI; RODI; RODI; RODI; RODI; RODI; RODOS; RODOS; RODOS; RODOS; RODOS; RODOS; RODOS; RODOS; RODOS"
Viaggi,Personali,SALDO VIAGGIO,1,0,Mai utilizzato,"SALDO"
Viaggi,Personali,SPESE VIAGGIO,1,0,Mai utilizzato,"SPESE"
Viaggi,Personali,Viaggio,10,10,08/08/2025,"VIAGGIO; VIAGGIO; VIAGGIO; VIAGGIO; VIAGGIO; VIAGGIO; VIAGGIO; VIAGGIO; VIAGGIO; VIAGGIO"
Viaggi,Personali,VIENNA,1,0,Mai utilizzato,"VIENNA"
Viaggi,Trasporti,Stazione TTP Appia,1,1,14/06/2025,"STAZIONE TTP"
Viaggi,Trasporto,Traghetto,1,1,25/07/2024,"BLUE STAR"
Viaggi,Viaggi Organizzati,Autogrill,4,4,07/07/2025,"AUTOGRILL; AUTOGRILL; AUTOGRILL; AUTOGRILL"
Viaggi,Viaggi Organizzati,Lindos,1,1,08/07/2025,"LINDOS"
Viaggi,Viaggi Organizzati,Park and Fly,1,0,Mai utilizzato,"PARK AND FLY"
Viaggi,Viaggi Organizzati,Rhodos,1,1,07/07/2025,"RHODOS"
Viaggi,Viaggi Organizzati,Sklavenitis,1,0,Mai utilizzato,"SKLAVENITIS"
